"At4g10920","tagataaaaataagcattatccatattttatagatagaaatgagcgatggattaccaccacgcttatacgattgcgataattacatctatacttatccagttttacagaaaaaataatagataaaaataagcattatccatattttatagatagaaatgagcgatggattaccagcacgcgtatacgattgcgataatcacatccatacttatcgagttttaaggaaaaagtaatagataaaaataagcattatccatattttatagatagaaatgagcgatggattaccaccacgcttatacgattgcgataatcacatccatacttatctagttttaaggaaaaaataatagataaagataagcattatccatatttaatagatagaaatgagcgatggattaccaccacgcttatacgattgcgataatcacatccatacttatctagttataaggaaaaaataatagataaagataagcattatccatattcaatagatagaaatgagcgatgaattaccaccacgtttatacgattgcgataatcacatccatatttatctagttttaaggaaaaaataatagataaagataaacattatccatattttatagatagaaatgagcgatggattaccaccacgcttatacgattgcgataattacatctatacttatccagttttacagaaaatataatagataaaaataagcattatccatattttatagatagaaatgagcgatgaattaccaccacgtttatacgattgcgataatcacatccatacttatcgaattttaaggagaaaataatagataaaaataaacattatccatattttatagataaaaatgagcgatggattaccaccacgcttatacgattgcgataattacatccatatttattcaattttaaagaaaatataatagataaacataagcattatccatttttataaatagaaatgagcgatggattaccaccacgcttATACGATTGCGATAATTTCATCTATACTTATCGGGTTTATAACACCGATAATCCGATTTGGTCAAAATCCGGCGGAGAAAAACCCTAAAAATG",-46.4265

"At5g54540","caccaaattacagctttctgcattattgactcatcgaaatctcttcttaggtaagatgtttcatatatagcttgtcattccttcatttaaatatatactttcattattattttttggtatgttttgattttgaatacattctatcatgtttattttgggcacatcccctgaacttgtcccctttgaatattttccaagttcaattatgctctttatggttaattttatgatcaagacttcatcaatgaatcgaaacgtttgcacacaaaaattgatagattaaaacgtatatttttggataaaatgggatgatcctattttaccattcaactaattccctaaaatgaatgtaggtagcatactcaccatgtttttaattttaatggatctaaaatattagaccgctcgctaaatacatataattagaaactttcaggattacattaatccctaatcgacatctacactttttgtttctagagagaaatcgacataaggagcaaaatcaaaatgaagacaatatgtaaacatcatcgaagaatataccacccaaaaaatctctaattatctttataaaaatcagtttctgaattcaaggaaaataacactaaaccgtaaccgaaattttacgtgattgtaaagaaaaccaataagtgacccttgaaatttcatttattatatattgacttatttcaaaatatttctattaaatccttgccaaaaattgataaaccgaatctagtcgaacaaacagattcgttgataagatatagtacttttttttttgtaggggttgataagataagatatactttgacatagtaaaccttgattatatgaagatgatttgcctaattacgataattaattaatattaaacgtcggtcatttactgctgacgtcatcattttaccttagtggataaggtattattctctttcttcaaaactcaaatcaaagaatcgcaactatacatttctccaaaatctccgagttctacAATTGTGTGATCAATCAATCTTCTCCGATTTCAAGCTTCTCGATCAAAAGAATCATCATG",-37.5533

"At1g12310","agagtgataggtaaattttctaaaagatttactatgttttgttctttctttctgttttttaaagataaggtttctagatagtcgactttgacactattccagacgaatttgacgtgtgtaggctaacgagatttaaactataattagtctaaaacgatttatcaactgtttattcgttaatagtagttaagtttagaaaattttcatttagttggtacaataaaaaacactattcagacccaatttcaatgactttagtatcatgtgataactaaaaccaagtggatataatagataatgtctcattgatcgttgataaggagtgtctggatacttttttttccatctagggataatggagatagtcatagataatggcataaatttcaaacaagtgaatcatatttcaaagcaaacccaaaagaaagatataaagtatagaagaactcaaacatgtgaaaaatcatccaagtggaaggttaccttttaaatcacatgatgatatcatttgctatatacattgatagtgaccaatgcatttaaacaattgtctttgtaccccatagatccaattatgtgggacaaatcaaacctttttataattcctatgtcactttgaaaacgactctatcggttgtggcttaaagaaatattaggtcatgtttattctttttatcccactttctcaaacttaatgatttgttgtatagtggaatcattttaagcaatttcatttgccaatacaaatattaaaatgcaaacccactcaaattatcctactaatatttgattcttttttttaatttgtaactagcaaacatatcaaaactttataggcgaaagacattcatttcaaaaataagatcctaaactttaaatttccactaatatgattggttagactttgttcatcttttaagatttcaagagataaatgggccagaaatagttgggccttgaatattagataaaacgacgccatatcaacacctctctcgttAAAAGTTACAAACGCGACTCTCTGATCCTAAATTTCGTTGTACAGAGAAGAAGCAAAAGAGAGAAACATCTGACCCGGAATCTGACCTGAAAACCCGGAAGAATCGAAAAATG",-34.8486

"At5g50720","ttgaaacgtaactaacgatatttttctacggtcttagtatttcaatataattccagcaaatttttgacaactttatttccttttgacagataaaaaatcatcagtaatccatgtgtaacagtcatattgattgatcctcattaaaaataattatatgtattgctataatggcaaaaggtcaatataggttaatctataatattttaactatttatggaatatatgtaaaagatttgtgaaatatttaacgaatataatatttaaaatgttattgtatatgttaaactaataatgaatgtattaaatgtaaactttctaaaatagagatcatatttttttaattaatatatagataatttttacttttatttatttatccttgctaaaatgtatattgtttttgataagaggatattttattgtttggataaaactgatttaaagacaagacaagataagactgattaagaggatatattaattaatatatttttataaaaagattgatattgcaatattgaattgaaatagtatcatagatcatagttgtccatgtaaataataattgatacatttatacttgtatacttgttagtatttagatacttgacaagtttacactgttttatgaattaatgataaatatcaagaaagcatgaaaaatcacaataaagagaatctcaccgacatctggctttcattggccggtgacatgtcggatacgctcaagttagaatctgatactctttgtctcttacagccgacgtgtccggtatactcatggacactaaacaaacgacaaaccgatcgttaaaccggactaagtataatgattagttgattactcaagaagagaacaactaatttcatcggtttggtttgtaaatttataaaaccattcgtcctggttcgaactagaaccaaatcgtgcaaaaccgtttaaagtgtccaagagagttaatataaataagaagatctctctaatcgtgttgtttcagaaAACAAGAGCGTCCTTTGATTGGTTTTGGATTTTGTTGTGTTCCTCTCAAAATG",-33.7764

"At4g04340","ccttttattggtaattggcatacactttcaagtttatatttggattatttcattagcttttttaaaattaaaatgtagaaaaccacttcctacaattagaagaattttattttaaaatctacgacaaaagaaaatatgttccttttcaatcattctacttaaatctttaggaccaggtttaaacaaacttcatgtcggtatgtctctcattgtcaagatctgaagatttgttttttttttttttgaaagaaagaaagaaagagacaaaacttcaataatttacattttttattctagatgaataaggagtgaaaattcgggtaagcgggtcgggttcagataaaatttgatcggatacggattcttcggttaaaaatgtttaggacccaataggataaatctaaaatattggttcgattttggttcaggtccaattggatttgggttggttcgatatagattttcaggtctttttttaaaccgatactcgaattttcgggtaaataccagaactttcggataaaatttcggatttttgattaaatttaaattttcgaataaaaattcgggtatatttggattcggatcggattcgaattcgattttttggataaagaaatttagaagtcaataaaataaaccttccggttgatttaagttcagataattagattttttggataaagaaatttagaagtcaataaaataaaccttccggttgatttaggttcagataatcagttccggttttttttggccaggcctactgatgaactgttattttggtaacttctaaatatcaaaacggtcctgaatcaggactgataaaacgttaaaaaagaaaaaaaaaagatctactcgtcttctttgtttgttcgttacagtttttacaaaaaccgacagacactttatctcaagagactgggtcaggcctctgttcaatctctatcaaaatccctttcgacatcattcataaacactgacgaatcagtgaaacaatATCTCAAACCCAGAAACCAACAATAATTCATAGATTACTACTATACAAAATTCTATATAACTATAATCTGTTCTCTTGTGTGTTTCTCGCGTGGCTTGCGTGTTACTTCATTCATCACTGCTTTAGCTTCTCCTCATATGAATCTCGAGGCAATCCAGTCACTGACTTTTCTCACTCCCCATCTCTAGGGTTTCTCTCTTTCCCTTATTTTATAATTTATTTCATTGAATCTCTGAATTTCATTCTCTTTTGTGGAGTACATTTGTGTAAAGCTTAGATTTTTATTTGGGTTTCAAGCAAACCGAGAAAAGAAACGATTAGATCTCCTTTTTCTGGGTTTGTTCTCAAAGATTTGTTCTGTTTCAGTTCTTCCAATTTGGGGGGATTTTATGTTGGATCCAGTCTCTAAAGGTTCGATTTTGATGTGTTTCCTTGATATGTAATCAGATTTGAATCTTAAAGTTTCTATCTTTATGACTCCTTTCAGGTTAAAACTGTGAGCATTTGGAGTAGCAAAAGTAACAAAGCATG",-33.2148

"At5g61440","gagacgataaaaaacatataaattatgtcattgtgtttttttttttttttgtctagtttgaaaaattatcaaattgctacttgctagtagcaaatagcaatgtttaccgactttgcaatcaaattttgcccatcgtttcgtttctaggcattgttttggattaaaatcctgtgggccgcttttggagtctctttggaccatgttttactgactaatccagaataaaggtgtgggctgcattctttatttttgtcaaaaatatctgataatggataatgcaaacaaatccaaatttcattatattcaaaagaaatgaaatctcccaatcttcaaatgctaatataataatttttccaagtttgtatcatgatcaccttaaaagtggcaatttcttttattttctttttgacaacaatcaaattttacaaaatgtgtttgacaacatttttgttttgttgttgttaagaatatgtggttttaccttcatattagattgcaacaatatactacaattatgcaaatacgattgtatataaactaagtaggacccaatccaacgaggaaaagcctcatacacagtcagcaacacgtttcatgcgacgaccctgacaatgatgttttttacttttttcactcctctttctcataaggaaaaaaaagatacagaaaaatcattttcaaagaaataattctgttttatttagtggataagtttgataatcatgaaatcatagtaacacataatccggatcttcagattggtcaacaattgttaatcactatgagtgagttaattatttattagcacaagttcgtaatcaacggtgaaaaatggatatggggaatggaatggataaagtcaaaaaaatctaattggataaacaaggacccaccttacgagtaaattccagttttgtcttaaaaacaacacaagtttctgcgtaactgtacaaagtgttctcttccaatttgatgtcgagaggtcaataaagtgatgagcTTTTTGTGATTTTTTCCTCATTCAAAATCTTTGCACTTTTTCACTCTCCTTCAATCTCAAATTTCTGAGTCTTTCTTGGTTCACTTTCCTTAAACACGATTTGACATG",-32.6265

"At4g18910","taacggattgatgcaaatgaaagtcgttatatgattcaaatattcaatgctaaattcagtatatactcaatctagtaaaaaatccaaattgtgatctgtaaagaagcttcttttggcatatatcttattctcataattagttacatgttaagatggataagataagaccgtaacaaatacaagcaaaatagttaacaaaaaaaaaaaaaaaaaaagacaaagacaaagcaaggtatttgaaaactcaaagcttaggtaaaatgtaaaaatttgataattatgctcgcatctagatcctaataatacacagagtaccttgaaactaaaataaagagcgtccatattttcggttggttgttgaaaacttaaagaggccttcatcaattccatcaagtgacatttttcaatttctgctcataaatgatactctattttgtcatcaagtctgttatatttttggtctatatgatgatatgacgatcacattaaccacatgacgtgtaaaaatcaaataactttccgtatcaacttaagaaaataatcttttacggataagaacatatttatccacactctatttagggaaatgcatacaaagcatttagggaatattttaacatatttcttaaacaaaaatatataattgcaagtattctaagaagtatatatatcaaaattaatgcttaacccattcaagaattcattcgttttattacaattgtatattacatattttcaaaaattcaatattttgtaccaaaatctggtgagaacataaaaacagagatatatgttttctcttgacaaaaaaaaaacagagagatattgtagttttcttaatagagccagcaatggtcaaatatatcatgtgaaatagtttctaaaatacatcatccttttcttcttaattaataaaatagtcaaataaaaaatcgtctccaatctttttctctctctggatttgccaataaattggggataaccagctaccaaactcattCACACAAAGTCATAACAGTCGTTTAAAGTCTGATCCTTTTCATTTTTCTTTAGTGTGTGAAAAGAGAAATACAGTTATG",-32.4502

"At1g80920","agaactcactgagcaatcatctggtgctgttcttgcatatcaattacgcaataacctgatgacaagagaatagacagtggaaggtttgtgaacggaaatgtttttgtttgttgttgtctaaatgttttataagacatttttatataatttgctatggtttttatgggaaattagctaagttctctatataatagctttgtattaaaattgttaaactgtttaagataaatttgatcaataggaccatagatgtatatttttgttgggtacattttgtgatccaaatttatttgcgtgttctgattggaatcatgagatattttaaatggtgaaaagtatcaaattgccaaggaatctttttttcgtatatttgttcttcaaataattttgttttttggataagaacggatattatgatcggtctttctcactgatttcaaagtcaaaatatcacaattccaaaaacatatatcttaaaaactatttcttcaaattgtctcaaagtattactgtggtgcaaagctttccaaatcgtactaatggtttattactttttaaaataaaaagttttgggtgctcttagtttagcgtgaatctactacccacagtatctaaaacatacttaattagtaaagaaaactgaattgtacttaactacaactttaaacacatgccaagtaccaacaacctatcaaccatttcctctgtctttcacattttgttaagccataccagaattaagacctcaataaagtagataactttgaacaaagtagatgctttttttatttttggaaaacaatattaaacttttttaaacataacaacaaaaaggttgggatggataactttttttttatttataaatctactgtatgtgtaaaaatagtaaaaaacaatttggccgtggaaatcggtagcgttatggataaggacactttgagatgagtcaccgtttcctttctttataaataatcccgcttcctctctttatccaatcCATTAAATCCTAAAATCCATTATTGATTGAATCTTCGAGTTACCAACAAAAAAAAAACTCTCCTTTATTTCAGTCTTCTTTTACAAATCATAATCTTCTCTTTGATTCCATCTTGTGAACCACCGGCATAAGAAAATATG",-31.6333

"At5g51105","ttattaaaatggtaaatttatatattaaaaatcttttatgagtgtttaaaaattagttttaagaaaataagataaatagtatttgcaattaaaaatgtttggtaataatgatatatagtagaattaaagaaaaaaatacttgagaaaaattgtgggattatatcctaaacactaaagactctcttatgtatagaggagaatgattttttttaaatcaaattataggaaaaaactatgattgtgttgaatagatagacactatatagtatactgcatgaaatttataggataaaaatatgggctatataatttaatgttttaattttaaaagttaagtttttagtaatttgggaaatagtaaatttaaatttgattaaattaatttatttgataaataagaaatctttctataagctaaatatttagaaatccgaaaatattatttttggatggtgtatttaatattaaaatatgtttggtttaaaaaataataaggataaggataaggatagtggaattaatagtgtttgacaatgagtatattatattcaataaatgaaaaataaaaatgatgagaacaattatgggcttgccacatcttttactatatagaggattccaaaaagttggaagaaaaacaattcctaaattgaaaagatttttttctttttcttgctatgaatgtaaataaaatctcaaaaaaaaaattaggagatgatatatatcaagatgaataaagacgaaagagacttaaaatttgttactgcttcccttctgtcatctttgtattatttcctatcatattgttaggaaagatttatttctttacatatgagaaatatgacagcatcaaattcaatgtgcatcaaacgttttgactatttttgattttcttccaaaattaaaacgacaaatttgattttgaaagcaacttttaaaaatacgtttcgccaaactaattacagtataaattggatctcatagccaataactttatctcATCAAACAAAACTCAAGTCATCTATTTCTCTTGTTGCATAGTCCCCCAAATATTCATCATG",-31.6333

"At3g28140","ttgataaagtatttaagaatatagcagtataatatggtaaactaaataaatagcacacatgagagatgaaatgtctaaatactccttcatgtttgtttcagtgtgtagacacacgggcgtgagattgtaagctgatgatttcatgtgttatagagagtggagagaaatgagagtttgtgagtttggtaagcacacaagacgagaaaaaaggtgggataaggagaggtgatggtggtgtgggcaacgacgacggtgatggtgtgggcaacgacggtggtgatattgattgcagtggtggtcgtcgcggtggtggcggtgactctgatttcaacaccatattgcagcacaataaaataaaaaaagcaattaattccagaaatcagatactacattctctaatgtaccaaacaatgcaaaagtaatatctgcaaatcgtggatgtcaatttttgtatctagaagtgatatagtttttactaaagtctaaagactcatactatttagtaatttttggataaatagtatactatttacatcaaatctatggtttctgttatagtcctgatttctcactcctaatcatcaaagttcatgaatcgacacttgtcgatttgaatcagatctgtttcagaagtagatcaatcgaatgggagttcgaaatatggtgtttgtgagaaggagagtaaatgaaagagacactagaaagagcgagagagaggataagaaacacatagaggcggataaaggaggaagaaaaagccaaattctggaatgagaagagagataggcgaagagcgtgttgttcacatagggttataactggaattaatacagaagatataaagaatatcaccttcttttttgttaggtgttagttttctaatttatatttttttgtgtgtttcttttgcaaatttccctagattttaattggcttaaaaaaaagttgaatctttattactttgaaaaacttccccttttctcctcctccatcactctcaGGGTTTCTCGGTTCACCAAAAACTCCTAAATCTCTCTCTCAGATCGTCACTACCCTTTTCAATTCCATCCTCAATCTTCAAAATTCCCAAACGAAATCAACAAAAGATG",-30.6696

"At2g17260","atgtatatatggaaagttgatatttaggtgtaataaaacgtgcaaatcgaatatgcctattttaatcctgttgttctgacatacatttagtgtataattattttgttagcatgctaaactagcatataacgcattatcgaaataatatcgttagcgaaatatggatggggtttgctctatggatgaaatgatgtagggtacaaaccaacttaatatgttaataatatatttgacgatataaacaaattttctgttattgaaccaatgattagatttcaaagactgatatatatgcgaaaacgataacattattattaaaaggtaacaaaaatatttgcatgaagagcaaaaaagttgacttgcaactcaataatcatgtaaaaaagtacatgcattagaatagttagcagataacgtattatcaggataacatgataacaaaatctcggtaatacttattaggttaacatgataacaaaatatttatataaataagtttataattatatcatgctaagtcattttgtatcgcgataagttgtaacttatgtgatatatttatatttaccgtcttaactcatttattatattatatataaaaaattaacgatttagtataacgtgcaaaatatgaatttcatccaataatattaatattatcactacatttaaataaaattttagttaactcggtaatttgattgttaaccaatttgggataaaaaataaaagataaaaaaatatagggataatgatgtaattttctttagtaatgtactatgtaaatagtgacacatttgtgtcagttaattttctctgttattctatgtatacttcttataaataccttatgttcaatcgttttgagtcaagaaaaaaaaaaacagaaataaaaaaaaacatttggtcaatcatctttactcatttgggtgaacagaacaaaaaaaagaaaagaaatcagtgttttgacaattcttcttcataatggagatcttcgtttCAGTGATCACTGTCGTGGTTGTCCATG",-30.5573

"At2g37480","gggttttcctgtaaatttccggttaagtgtttggtttagactcggtttgtttagatgttttgagtttcgtgaattgtttgatgatcactctaatggttcaaaattgatggttgaatttgattcttcttcttcctttcagtgatttataattgttttatttaacgtttgagtccctggaatttggataatatgcaaattgctccatcaggtatttataaactaatttctatccatcaattgcgttatagagttgcgtttgtgtgtgacatcgacaaaacaaactaaacgctatttctctaattagtggattttattacaagagaaacttgttatatcgtcgtcttctacaccaacaggccgttgaatcatgagacgctattgataagaccgacctaataattaggtagatttttttggtgtagtttatttccagtctattattctcagcccattagacccaaaaggaaaatatcaaggcccgtaaggaaagtctaaaaagataagggacacgtgtacagtcataaatctatctaaaggtaggccgccacatctatcaccgttggatattctagtttaaaatcgtcatcaatcataattattcatttcttcttcgtcttcttcttctttctcaaattagcttttctttatcgtcttcctcaagcgtgagattcgttgtggatatagtttttctccttgattctctggttctttccatgatccaattttaagggtttcacggcttcgtttttttgggtatatctagctctatcgttcgtggtggttttctttctggatcaaagttttctgagatctctgcgatttctgggattcgaaaattggagaattagggcttttttacggtaacagggtttcgaagagcataagataagaatg",-30.3071

"At5g40260","cgaccactctgaaaaattcagaatctttttaattattagaaaaataataaaataaattaaaaacgactaattaatttacgatttcatgcttatccttacgattcaaacaaaatttatcttaaaaccaaattgaatatcattagttttttttcttcgggtatattgttttttaaatatattatgcgttatcaaaattaggaacgttccaaaattagacattgtaccttctttttttcaacagacgttaaattggtattctttttttttgcaaaatcagatattataatccgaccttaattatagcagtttaagataatatttggtcaaaacaaataaatttactagtctttagataattaatagttggataatctttggtcaaaacaaattaaaacgactaattattttcagtttttactcagatttcatgtttatccatacaattcaaacaatattgatcttaaaattctatcaaagtgataatataaattcttgacatacgataattaagtttccaagtcaaagatttaatactatcattaatagttttttctttctccgcgtataaaattgttttaaagtgatggaactattttaaaaattattatgctttatcaaaattagacattaatgcacattccttttttttcttgtcaacagaaattaactttttatccttttcttgcggaagaaaatcagatattataccctaagataatctggtcaaaataaataaatttggtagtgtttggataataccaaaaatagaaaagataatgataatttccaaaaaatgtttaaaataacaaaaataataataaaagagaatcataagttgataacaaaaaagtattacgaaataattaatacattatgataattccccaagtttaggagaatattgactccttgactcaaacgtctctcttatcttaatctctaaaatctctcttatctctctctctctatatatacacacacataatacccaaacgctctcAATTAGGTTTTCTTCTACACTTGTTCTTCTTCATTTGCTCTCTTCTTCATCAATCTCTCTCTTTTTGTAAACGGCGATTTTAAAATG",-30.0021

"At5g15860","cttgtcgttataagggcatatgattgattcttcttcttctaatgatcgtttcgcagatgcgagagggatatataatgataagataagtgttaccgaaagaacgtagagagtagtacatggaagcacaaatctagacgtcatggtgtttttaatgcttttgaagatttcaaaaaagagatcaaagaatatggccacaaacaaaatctgaacaagatagattgtgattggactctatatataatagtcgatgaccaaaacaaagtcttttcctatttttagttgggatcaagttggtttttttgtggataagctagtgcttcatgatcatcgagtaataagttttttttttcgtttcaagaaaatatgttttttgtgtggattttgtttctgatgaaatgatggaatagacgtggctgcaagtttggataaggtggctcggctccactccggtttatcttttgtttacccaaatatagatttgttttgttttggtcactggtaatatcgaagtatcgaatacgtctgtctgtgatgctcgtataaaataaaaccagtggtatggttgtagtggttggtggatcgtgattcgtgaactttctcttagattcggaaatattcgtcacactttgggcccacgagttttagcattttccgaacgtggtaaagcccatgatttgctaatactagcttccaaagtcgtcacactactccatccaatcacaaatgaaatgactaacaaacattttagaataatcaatattttgcgaataatttcattactgtctgacatttgattctctttaatcacacatcattacatgatcaaacgtcatcaataagagctaagaacgtcgtcgtcttgtacaaacttttggttatatctacacactactttactacattcctcgtgtagaaggaaatggaaagcgcacaaaagcgaagataacaaaaagagtttgaaattcaaaagagaagagcaacacgaagaatcttggaattcGAGATCCACTATTTCACGGCGGAAAAGATG",-29.8407

"At4g12980","tataaaaatcaatccaaaattgaattaaatttatctatttaaggtttagttttactcatatgtgtatataaacctttttttttttttgaatataaaccaatttactctagagcacactaccttaaaaagtattaatacctgagggctgaggtttagagaattgaaagacaaactaactatcttagagattctagagctcctgcagtccttacttggatattctaatttaaagagatatgtttaaagctttcgacaaaaccttttgggccttcccctttttgcttatattaatatatatagcggttcggtgaaacatcaaaggagatagaagaggataatttttagggataggtgcatgactagatgttgaattaagggagataaattctgatgtgaactgaaaaaacttagcaaccgttgataatgttagtttctaataagtatttagtcttgggcgataaattcttattctagtcaatacgacaaaactctatatactcacattttggataattttgcaaataaatgatttaaccctatctaaaaacatgcatctacactatgaagataagaatgaaaaaaataaccaaaattaaatttatgcattatcttcttttctaaattacttgaaaaatgtgttactttaagaatgttgtgaatttagattttattgtaataaaaagaatatataaatatctttatgattttcaaggccagaaatactctgagatccttggtcttaggtcaaacataactgtcaactacttaatctgatatgttctgttccatgaccttccagaatcagacaatcaaaagaagttcgttatgatgtgtttttctgaattaaaagaaagaaaagaaaaaacaacacattgaacaataaaaatgaaacaaataaataaaaatcttttattagctgtgtgtatcgtagaattagatacaggctataattatcacacagtttcacctatttatttccgaccattacttaacggttactACAATTCTTTGCATCATCATCATTCATCATG",-29.7455

"At3g59480","ctctagatttttatagacattataaatcatccacatatatatgaatcagtaatccaaaaaaaaagatctgtaacatatggttttctttcgttgcgttttaaaatatccattttatttagcatttattaaaaattctcttcacttttttttttttttttggaaatcaataaatcgctttaattacgtggaataaaacgtctaagaagaaggatagtcgttagttagtagtgataactgatgcataaaatataacttgggaaataggaaaccaaatagtgttggtacttggtagatagtctctgataaataaaaagatcatacatgtcaaagctagccccgtttataaaatttgtaacagatttgcatttctcgatttagtagatttacatgagataatatcttgtgtaatcggaaataaaagttatcctaacaaatgagataatcgaaattagaggaggatattaacatatttatccaacaacggatataagcccctcgtaattaaccttgcgaaattaaattataacaaatcattcattaatacatttcgattttggtagatttgcctaaaaaattatccatgaatggtattttattgaaaaagaaagttatccaaaacaaacaaaatattcggagtcaaaagaggaggattaatagtatcttttactccccttaatagtactatcttaacaacggataagcccctaataaattaaccttgtgaaatacgtcgtctaggtcccattgaagaagcataaaatctggtcaaaaacattaatcactatttactctaaatctcaccaaatcataacatatatgtaaacaaccaatagaatattacgattaaaaaataagttaccaaacacagtttagatatcttatctgatcaatctttaaatggataaatttgaatttgtattaattaaaagtcttgtggatttgactaaaccactcaccctaatacctctatataaacccttgattctctctaatacctctcATTATATCCAAAACATAATCTCTCTCTATCTCTCTCTATTTTGCTCAATCTTAATCGTCCGATCAAAACACTCCGACTAAAAATG",-29.6393

"At1g80180","aaccatcaccaaaaaaaattgatagaaaatatttggtgttccatcaaatctacacttacggataagacgctcttatttttccaattatttgctttctctttctgacaatcatcaaatttttaaagctaaatgccgttttcttcgcatgcttacgttttagctgcttcaataatcaactcaaggacttccataattgtagcgagatttgaaatgcatgggtatattagatttgcgatgtagatttaattggggattaattacgatatgaacacgcaaattttgttgtccatatgaaaaaagtagcacatgaatggattgtctccacattacacaaatgggatggtccagcaagccatatagcaagatatcttacaaaataaaataatccacacctctcaaagttgagccattatatttcaggaaatattaggttcgagttttgcgtgattattattttaaaactcgatgaatcagtcatctactaatacttgtaagtttcaactttgaactaaccaaatcaagcatgaacaacgacgagtcaccaacgcttgatttccttaagaaatattaaaaaaaattaagccatgctggattatggttgataaaactatatgctatgcgatgatctttgcctgaaacgtgaaaagaaaaataatcatttttggcagataattaagtggctatagctaaatttaatgttaaaaaaaaagataattgaaatttcaacacataccacccaaaaacgttgtttgtactattctactcccataattacccgctgctttgacccagttttttctctcccgtttaaaatacgtaacaaataaaatacaatgattacgcatctaaacatgataatcgcgattatatttggttggataattcgagaaccagaagaaaaaaaacatataaaattgaaataataagacgacaaaagaaaattaattagaaaagacacaagtgccttctaataaagagataagaaagaggaggaagaaatGAACTAGTCTGAAACACAATGATGAACCACTTTTAGCAACACACATCAAAAACGACGAAAACAGAGTAAAAGAAGAAGAAAAAAACGGAGGAGGAACAGTTAGCGCCGTCCATG",-29.4915

"At5g27850","caaaaaagaaatatcaaatcatctctctcttaactttattggatgaaagttcacatcaacaaaacaaacaataattattaataatttgtatgtagtaaaatcttataaatacaaaactgtaaagcaaactaaaaattatggaagtaagaacatatcaattattatgtcatgttaaaaccgattgcaccattttattgtatctatgaacatcatctattagttttttttagctggcaaacaagatcctaatttttgtataaaactttagcaataatgcattacaaaaaccttctgattgtcataaaagattaaattaagaaataagaatgaagactagagagaataaaactcgaaacaagagttttcttattgctttctctttctcttctctttttctctgttttctctatatcttataaatgaatgaaatgagttatatatagtagagcttacttagctaggaagtaaattacttagagaatagtaatggataaacatcatccatatcttaaagatgaagtaatggataaacatcatccatattttaagaaggaaataatggataaacatcatctatatcttaaggaagaaataatggataaacatcatccatatcttatggatagagatgaatgatggataatgacatccatacttatccggtttataacactgatcaaaataataccattattctacgttctctaatcgtgaatcctcataattgagatatacagttttattttttctgaagacaataatctacacttaatatacttgaataaaaaatttatttgtcttaccataaaaagaaagagtaaaatattgattttgatctcaacaaaatcatataaccgaagccgaaggatgtgaaacaaatgggcttctagtttgggcccaaatagcctaaagcgaagataaagcccataaaaacctaaaatgtaagcgagcttgcttgttgctcctataaattcataaaccctaacttcgttttcctctcGCAGACGCAGCCATG",-29.1531

"At1g80000","agaaatgaggcagcacagagagagattagtttccattgttaaaaaactgatctattgatagcttccgctttgtgcttttaatacagatacatattaaaaaaaaagggggttttgggactcttatgtagctttaacttatgagagatttcacctgtagaatatctgttttgaactgagatttcacccatataatatgttttgactttcgattcaataggttatgtagttgatatcttttttttttttgcaaaactcaatagcagtagcaaaaaacttaattggaaataatcaaagtgaagggataagttgggaaagagccagaggataacgcatggtgcattattattagtattgtggaggagacgcatctcgaaacatctctcaaagcaaacaaggacccaaaacaaagttccttgcattcttccactgtccgtaatcaccatcaccatatcattattcttctacccattttgtcttggaaatgattttaaattttcttgttgcttcttactgcaaactgtgtataggttcaactactccattgagttacacacttgcatgcacctatggaagttaattttccggttttgattgatattcaagttgttgaccaatggagttatatacccttgatttatatagaaaccacatgttttatttatattaacatggtcacttttgtcaggattaatagacaacaatagttgagagaaaaagtgataaggtagagctaatttgtattaaacttatcaattagtattgttggttaaaaaaaagttaataaagtagtcaagttggataattcccaaaaactgggaaaaaagaactcaagcgtcaaatgttgtaggtgcatcatcatcagtctacaagtagtaaaaaacccattcgatttgataagaagacccaacggaaagagtcttcccgtctacaaagtaaacccaatcaatcttaataatctttaagaggttttttcttattataattatctatctctctatctATCTATCTGCGGATCTCTCATGAAGAAACACTGAGGAGATTCTCTCGCTCTGATCTCCTGGTATCGTCGTCTCTCTCCGTAGAGATATACTAGTTTGTCCCATATCCGATTGATTGCTCTATTCAATTTATTCCTCTTCTAGGTTTTCGGTTTGGCCCTCCGATTTAGAGGGATTGATG",-29.13

"At3g28450","acaaagtttttttaattgtttctatttatgtgattttctaattttagatctattatatttatcaaaactttagggttttatatgtttatttttgggttttttgagttatgagtccatgagtttgctcaatttgagcttaatactgaaaacacggttctgtagaatcgaaaaaacaaattcggataaaggatatatcacataatatttgtttcgtttttcgttgttttgtcgacggatcatggaaaggaaatgacaagttttatggataagagtgattttgcaccttattaaataggaagtcgctaaccatgggagttgctaatttgcgtagaagtctatctccactacataaagaagtcgaagctgtactctggatgatgaagtgtatgattggtgccgacaaccaaaaaataactttttttacagactgttcagacttggtgaagatggtgttttctccaaccgaatgattagcattttcaatatatgtggaagagttctagagcgacaaggaaaaattcacaagtttccctatatttttaaattctcgaactgcaaatgttatagcggacaatttgataagaaaaattcatactgaaccgttacatattacatatggaaataatttatttaaaaattggcttttctaacttttaaaaaaaaatttgatgataaaaaaaaaagttacaaatccgaaattaattatgaagaaaaagaaaagagtccgaaaataatcaacataatgtttatgtaaaatgatctatctataagataagtcaacttaaggtaaaaaaacaaattatatttcaaatcgaacaaactagtcgaataaaaaagaaattcaactacaaaaaagactagacaatgatggaattttgttataatttgctttgaaaactttacttaaaaattactataataataataataattaaaaaatgacatcaaagtcgacgactactctataatccttgcgacgaccgttcaacacgtctgacttACATATTGTCTCTCTGCAACTTTTCATTGGCAGATACACAAAATCTTTAATTCTTAATCCAAACCCAGAAACAACCTCTGAAACCACTTCATCATCCATG",-29.13

